_unit_id,_created_at,_id,_started_at,_tainted,_channel,_trust,_worker_id,_country,_region,_city,_ip,annotation,broken_link,annotation_gold,broken_link_gold,cell_type,image_url,set_number
1521826834,1/1/2018 10:23:02,3213246637,1/1/2018 09:58:51,false,test_rprocess,1.0,43838813,IND,19,Mysore,103.2.232.50,"{""url"":""https://s3.amazonaws.com/pichost/construe/1219149/43838813/u0043190034157082144215014136129233140218225112202134104230013243222238191098171222214228198185205.png""}",false,,,NIH-3T3,https://storage.googleapis.com/daves-new-bucket/data/nuclear/NIH-3T3/set2/Processed/nuclear_0.png,set2
1521826835,1/2/2018 04:35:12,3215238752,1/2/2018 04:26:33,false,test_rprocess,1.0,43925392,IND,"","",27.34.243.242,"{""url"":""https://s3.amazonaws.com/pichost/construe/1219149/43925392/u0195207038073096194216081221189034139252214085252121152145115020108210167058126199030255024085211.png""}",false,,,NIH-3T3,https://storage.googleapis.com/daves-new-bucket/data/nuclear/NIH-3T3/set2/Processed/nuclear_1.png,set2
1521826836,1/1/2018 04:55:47,3212943363,1/1/2018 04:55:22,false,test_rprocess,1.0,43838813,IND,19,Kushalnagar,103.35.197.63,"{""url"":""https://s3.amazonaws.com/pichost/construe/1219149/43838813/u0131151189006171115001251088165096145221145001097238015059002098083084174051160242106080104132033.png""}",false,,,NIH-3T3,https://storage.googleapis.com/daves-new-bucket/data/nuclear/NIH-3T3/set2/Processed/nuclear_2.png,set2
1521826837,1/1/2018 05:25:32,3212955469,1/1/2018 05:02:31,false,test_rprocess,1.0,43853850,IND,19,Kushalnagar,103.35.197.63,"{""url"":""https://s3.amazonaws.com/pichost/construe/1219149/43853850/u0173161034141117070177201146235104124129165058239109238105161108001069011013190061072194230176023.png""}",false,,,NIH-3T3,https://storage.googleapis.com/daves-new-bucket/data/nuclear/NIH-3T3/set2/Processed/nuclear_3.png,set2
1521826838,1/2/2018 03:52:29,3215151817,1/2/2018 03:24:08,false,test_rprocess,1.0,43922202,IND,19,Mysore,103.2.232.50,"{""url"":""https://s3.amazonaws.com/pichost/construe/1219149/43922202/u0199088052137096124042100166008224069061054173187009064114250171056148027106214087011236046160092.png""}",false,,,NIH-3T3,https://storage.googleapis.com/daves-new-bucket/data/nuclear/NIH-3T3/set2/Processed/nuclear_4.png,set2
1521826839,12/30/2017 12:16:09,3206726758,12/30/2017 11:47:13,false,test_rprocess,1.0,43915803,IND,19,Kushalnagar,103.35.197.63,"{""url"":""https://s3.amazonaws.com/pichost/construe/1219149/43915803/u0217165017190160064145176192239157173242089136219080146157243105227020006184123206074230174246122.png""}",false,,,NIH-3T3,https://storage.googleapis.com/daves-new-bucket/data/nuclear/NIH-3T3/set2/Processed/nuclear_5.png,set2
1521826840,1/1/2018 10:33:19,3213254824,1/1/2018 10:30:22,false,test_rprocess,1.0,43936123,IND,"","",27.34.243.242,"{""url"":""https://s3.amazonaws.com/pichost/construe/1219149/43936123/u0152112168087095151108249254069063085116237147214174203120194190220094067186169046140148096209238.png""}",false,,,NIH-3T3,https://storage.googleapis.com/daves-new-bucket/data/nuclear/NIH-3T3/set2/Processed/nuclear_6.png,set2
1521826841,1/2/2018 04:32:48,3215234133,1/2/2018 04:14:16,false,test_rprocess,1.0,43913098,IND,19,Mysore,103.2.232.50,"{""url"":""https://s3.amazonaws.com/pichost/construe/1219149/43913098/u0225164020126147125173021127211081204137056002059168202050153160128198149110065073048011197202249.png""}",false,,,NIH-3T3,https://storage.googleapis.com/daves-new-bucket/data/nuclear/NIH-3T3/set2/Processed/nuclear_7.png,set2
1521826842,1/1/2018 10:46:34,3213264971,1/1/2018 10:39:11,false,test_rprocess,1.0,43922202,IND,19,Mysore,103.2.232.50,"{""url"":""https://s3.amazonaws.com/pichost/construe/1219149/43922202/u0149046221041013195246194079200204132249027218100153242059041133062086247076095170088028250029087.png""}",false,,,NIH-3T3,https://storage.googleapis.com/daves-new-bucket/data/nuclear/NIH-3T3/set2/Processed/nuclear_8.png,set2
1521826843,1/1/2018 10:32:05,3213253964,1/1/2018 10:04:41,false,test_rprocess,1.0,43913100,IND,19,Mysore,103.2.232.50,"{""url"":""https://s3.amazonaws.com/pichost/construe/1219149/43913100/u0144080207137057084198227097030006027220130049175168234192105243204194135250234190057134053221075.png""}",false,,,NIH-3T3,https://storage.googleapis.com/daves-new-bucket/data/nuclear/NIH-3T3/set2/Processed/nuclear_9.png,set2
1521826844,1/1/2018 11:23:16,3213289674,1/1/2018 11:03:08,false,test_rprocess,1.0,43913100,IND,"","",27.34.243.242,"{""url"":""https://s3.amazonaws.com/pichost/construe/1219149/43913100/u0217079090090034134050077001146229031208032078190252022110060017225003028158126150233090196168107.png""}",false,,,NIH-3T3,https://storage.googleapis.com/daves-new-bucket/data/nuclear/NIH-3T3/set2/Processed/nuclear_10.png,set2
1521826845,1/1/2018 08:37:53,3213147576,1/1/2018 08:09:13,false,test_rprocess,1.0,43915793,IND,"","",27.34.243.242,"{""url"":""https://s3.amazonaws.com/pichost/construe/1219149/43915793/u0183084180111072179012126251103079114235224170121081246096044120230153074021045143033136157186116.png""}",false,,,NIH-3T3,https://storage.googleapis.com/daves-new-bucket/data/nuclear/NIH-3T3/set2/Processed/nuclear_11.png,set2
1521826846,1/1/2018 10:07:48,3213234523,1/1/2018 09:41:58,false,test_rprocess,1.0,43922202,IND,"","",27.34.243.242,"{""url"":""https://s3.amazonaws.com/pichost/construe/1219149/43922202/u0065058099146234015041233003230205191173223106149022005134080184080096112123081228221069093134065.png""}",false,,,NIH-3T3,https://storage.googleapis.com/daves-new-bucket/data/nuclear/NIH-3T3/set2/Processed/nuclear_12.png,set2
1521826847,12/30/2017 11:54:00,3206636647,12/30/2017 11:26:21,false,test_rprocess,1.0,43925392,IND,19,Mysore,103.2.232.50,"{""url"":""https://s3.amazonaws.com/pichost/construe/1219149/43925392/u0200072162118215049100216215155101002102202136010014018140106239218000052228227113200206014098151.png""}",false,,,NIH-3T3,https://storage.googleapis.com/daves-new-bucket/data/nuclear/NIH-3T3/set2/Processed/nuclear_13.png,set2
1521826848,1/1/2018 10:29:04,3213251378,1/1/2018 10:11:49,false,test_rprocess,1.0,43838832,IND,"","",27.34.243.242,"{""url"":""https://s3.amazonaws.com/pichost/construe/1219149/43838832/u0049140058113192107143123050203162050073255157183037135001199127042226051033116136160094026194183.png""}",false,,,NIH-3T3,https://storage.googleapis.com/daves-new-bucket/data/nuclear/NIH-3T3/set2/Processed/nuclear_14.png,set2
1521826849,1/1/2018 09:42:38,3213212552,1/1/2018 09:39:04,false,test_rprocess,1.0,43838832,IND,"","",27.34.243.242,"{""url"":""https://s3.amazonaws.com/pichost/construe/1219149/43838832/u0089101234107250081131015226192035082210078220065026042149179206241163204088226072214134050220055.png""}",false,,,NIH-3T3,https://storage.googleapis.com/daves-new-bucket/data/nuclear/NIH-3T3/set2/Processed/nuclear_15.png,set2
1521826850,1/2/2018 05:42:37,3215351123,1/2/2018 05:23:44,false,test_rprocess,1.0,43936123,IND,"","",27.34.243.242,"{""url"":""https://s3.amazonaws.com/pichost/construe/1219149/43936123/u0106065059043142023086225207164160045202138248105203070088179118117132217108193012049051227227125.png""}",false,,,NIH-3T3,https://storage.googleapis.com/daves-new-bucket/data/nuclear/NIH-3T3/set2/Processed/nuclear_16.png,set2
1521826851,1/1/2018 09:54:53,3213224272,1/1/2018 09:34:15,false,test_rprocess,1.0,43913098,IND,"","",27.34.243.242,"{""url"":""https://s3.amazonaws.com/pichost/construe/1219149/43913098/u0247078028255075151212202155028098145091071243004066166040179011119011167037088164234147030016075.png""}",false,,,NIH-3T3,https://storage.googleapis.com/daves-new-bucket/data/nuclear/NIH-3T3/set2/Processed/nuclear_17.png,set2
1521826852,1/1/2018 10:16:18,3213241621,1/1/2018 09:57:08,false,test_rprocess,1.0,43853850,IND,"","",27.34.243.242,"{""url"":""https://s3.amazonaws.com/pichost/construe/1219149/43853850/u0144125184147157002151051131017146210000132187225165172022103192132146025141168229199095021053034.png""}",false,,,NIH-3T3,https://storage.googleapis.com/daves-new-bucket/data/nuclear/NIH-3T3/set2/Processed/nuclear_18.png,set2
1521826853,12/26/2017 06:09:02,3189571343,12/26/2017 05:56:44,false,test_rprocess,1.0,43853850,IND,19,Kushalnagar,103.35.197.63,"{""url"":""https://s3.amazonaws.com/pichost/construe/1219149/43853850/u0219180190112221016137012181072117142028104186193015253035107106138235016226109120250232017101061.png""}",false,,,NIH-3T3,https://storage.googleapis.com/daves-new-bucket/data/nuclear/NIH-3T3/set2/Processed/nuclear_19.png,set2
1521826854,1/2/2018 04:37:04,3215241888,1/2/2018 04:12:55,false,test_rprocess,1.0,43915735,IND,"","",27.34.243.242,"{""url"":""https://s3.amazonaws.com/pichost/construe/1219149/43915735/u0115087200238177133055254153145096062092192217109110173140237055124235106122091118239216090054213.png""}",false,,,NIH-3T3,https://storage.googleapis.com/daves-new-bucket/data/nuclear/NIH-3T3/set2/Processed/nuclear_20.png,set2
1521826855,12/30/2017 08:36:13,3206045650,12/30/2017 08:08:17,false,test_rprocess,1.0,43853850,IND,19,Kushalnagar,103.35.197.63,"{""url"":""https://s3.amazonaws.com/pichost/construe/1219149/43853850/u0064145211121040106196115115086013016229215165237119234071231084155158056103238021250025195140171.png""}",false,,,NIH-3T3,https://storage.googleapis.com/daves-new-bucket/data/nuclear/NIH-3T3/set2/Processed/nuclear_21.png,set2
1521826856,1/1/2018 09:26:08,3213193218,1/1/2018 09:09:53,false,test_rprocess,1.0,43838813,IND,"","",27.34.243.242,"{""url"":""https://s3.amazonaws.com/pichost/construe/1219149/43838813/u0081191021037165097113215002144053151027013203189056168171238225238107240086113130079251055244083.png""}",false,,,NIH-3T3,https://storage.googleapis.com/daves-new-bucket/data/nuclear/NIH-3T3/set2/Processed/nuclear_22.png,set2
1521826857,1/1/2018 10:34:30,3213255750,1/1/2018 10:18:37,false,test_rprocess,1.0,43913098,IND,"","",27.34.243.242,"{""url"":""https://s3.amazonaws.com/pichost/construe/1219149/43913098/u0130210219187131153135056088227154160038070180183077118045109096102129133225092115207057027086017.png""}",false,,,NIH-3T3,https://storage.googleapis.com/daves-new-bucket/data/nuclear/NIH-3T3/set2/Processed/nuclear_23.png,set2
1521826858,1/2/2018 04:12:29,3215194149,1/2/2018 04:06:50,false,test_rprocess,1.0,43915793,IND,"","",27.34.243.242,"{""url"":""https://s3.amazonaws.com/pichost/construe/1219149/43915793/u0088202028055159100233232039202193013132040063096134091010048076120243187140148140251059102047159.png""}",false,,,NIH-3T3,https://storage.googleapis.com/daves-new-bucket/data/nuclear/NIH-3T3/set2/Processed/nuclear_24.png,set2
1521826859,12/30/2017 09:04:26,3206139474,12/30/2017 08:36:18,false,test_rprocess,1.0,43853850,IND,"","",27.34.243.242,"{""url"":""https://s3.amazonaws.com/pichost/construe/1219149/43853850/u0061180037051176161247234169244011059103166026175147212018243176191138222078219111138100104036134.png""}",false,,,NIH-3T3,https://storage.googleapis.com/daves-new-bucket/data/nuclear/NIH-3T3/set2/Processed/nuclear_25.png,set2
1521826860,1/2/2018 03:55:15,3215158882,1/2/2018 03:36:51,false,test_rprocess,1.0,43925392,IND,"","",27.34.243.242,"{""url"":""https://s3.amazonaws.com/pichost/construe/1219149/43925392/u0216250026242209047024095109010183162071029177098015044099099039082192031220115071038079241054043.png""}",false,,,NIH-3T3,https://storage.googleapis.com/daves-new-bucket/data/nuclear/NIH-3T3/set2/Processed/nuclear_26.png,set2
1521826861,1/1/2018 11:24:44,3213290863,1/1/2018 10:56:09,false,test_rprocess,1.0,43925392,IND,19,Mysore,103.2.232.50,"{""url"":""https://s3.amazonaws.com/pichost/construe/1219149/43925392/u0014254019016003060036156083106067034182154160059234048092088199103190030019004008008094079107188.png""}",false,,,NIH-3T3,https://storage.googleapis.com/daves-new-bucket/data/nuclear/NIH-3T3/set2/Processed/nuclear_27.png,set2
1521826862,1/2/2018 03:37:50,3215116416,1/2/2018 03:21:07,false,test_rprocess,1.0,43838813,IND,19,Mysore,103.2.232.50,"{""url"":""https://s3.amazonaws.com/pichost/construe/1219149/43838813/u0196242001042003253138072030173089173035046122055105181160076247212152018088087073031199058237150.png""}",false,,,NIH-3T3,https://storage.googleapis.com/daves-new-bucket/data/nuclear/NIH-3T3/set2/Processed/nuclear_28.png,set2
1521826863,1/1/2018 11:15:49,3213284808,1/1/2018 11:15:21,false,test_rprocess,1.0,43913098,IND,"","",27.34.243.242,"{""url"":""https://s3.amazonaws.com/pichost/construe/1219149/43913098/u0163125059253094186047178018121235254060226169168083081193107179113018131018158070244238190246134.png""}",false,,,NIH-3T3,https://storage.googleapis.com/daves-new-bucket/data/nuclear/NIH-3T3/set2/Processed/nuclear_29.png,set2
1521826864,1/1/2018 09:57:04,3213225928,1/1/2018 09:39:44,false,test_rprocess,1.0,43853850,IND,19,Mysore,103.2.232.50,"{""url"":""https://s3.amazonaws.com/pichost/construe/1219149/43853850/u0103091060164224246016238222209126230040145243229071223157173091247123099002169101180120056201251.png""}",false,,,NIH-3T3,https://storage.googleapis.com/daves-new-bucket/data/nuclear/NIH-3T3/set2/Processed/nuclear_30.png,set2
1521826865,1/1/2018 07:05:44,3213030677,1/1/2018 06:39:12,false,test_rprocess,1.0,43915793,IND,"","",27.34.243.242,"{""url"":""https://s3.amazonaws.com/pichost/construe/1219149/43915793/u0233214234132027002155153215181200150143229232107126249200171099252247241053031130091026091119224.png""}",false,,,NIH-3T3,https://storage.googleapis.com/daves-new-bucket/data/nuclear/NIH-3T3/set2/Processed/nuclear_31.png,set2
1521826866,1/2/2018 03:45:42,3215136630,1/2/2018 03:17:40,false,test_rprocess,1.0,43915735,IND,19,Mysore,103.2.232.50,"{""url"":""https://s3.amazonaws.com/pichost/construe/1219149/43915735/u0133089098104243164070161241190046023064254040041166147174181016213187190060082093212191081090057.png""}",false,,,NIH-3T3,https://storage.googleapis.com/daves-new-bucket/data/nuclear/NIH-3T3/set2/Processed/nuclear_32.png,set2
1521826867,1/2/2018 04:22:30,3215215167,1/2/2018 03:58:55,false,test_rprocess,1.0,43838813,IND,19,Mysore,103.2.232.50,"{""url"":""https://s3.amazonaws.com/pichost/construe/1219149/43838813/u0004008203087167222197228090073221105063061249123243144171085241100236096219065104097044215155099.png""}",false,,,NIH-3T3,https://storage.googleapis.com/daves-new-bucket/data/nuclear/NIH-3T3/set2/Processed/nuclear_33.png,set2
1521826868,1/1/2018 11:30:32,3213294927,1/1/2018 11:03:01,false,test_rprocess,1.0,43915793,IND,19,Mysore,103.2.232.50,"{""url"":""https://s3.amazonaws.com/pichost/construe/1219149/43915793/u0092244161108188178221129147147106074124225048014224111003201105249198000226229043151201050057101.png""}",false,,,NIH-3T3,https://storage.googleapis.com/daves-new-bucket/data/nuclear/NIH-3T3/set2/Processed/nuclear_34.png,set2
1521826869,1/1/2018 10:04:38,3213231655,1/1/2018 09:34:58,false,test_rprocess,1.0,43913100,IND,"","",27.34.243.242,"{""url"":""https://s3.amazonaws.com/pichost/construe/1219149/43913100/u0187226124204227140031180097127100231194069010214119246140214113087070039121178057044228120047067.png""}",false,,,NIH-3T3,https://storage.googleapis.com/daves-new-bucket/data/nuclear/NIH-3T3/set2/Processed/nuclear_35.png,set2
1521826870,1/1/2018 10:18:34,3213243252,1/1/2018 09:54:56,false,test_rprocess,1.0,43913098,IND,"","",27.34.243.242,"{""url"":""https://s3.amazonaws.com/pichost/construe/1219149/43913098/u0071141107233044034236144196042141052017051161142227101185063115167072021062108184017103048085152.png""}",false,,,NIH-3T3,https://storage.googleapis.com/daves-new-bucket/data/nuclear/NIH-3T3/set2/Processed/nuclear_36.png,set2
1521826871,1/2/2018 04:19:48,3215209879,1/2/2018 03:52:36,false,test_rprocess,1.0,43922202,IND,"","",27.34.243.242,"{""url"":""https://s3.amazonaws.com/pichost/construe/1219149/43922202/u0198172255045009250183252091047071018005025105166244137181225154101005098220134217248072085208154.png""}",false,,,NIH-3T3,https://storage.googleapis.com/daves-new-bucket/data/nuclear/NIH-3T3/set2/Processed/nuclear_37.png,set2
1521826872,1/2/2018 05:11:07,3215299852,1/2/2018 04:52:16,false,test_rprocess,1.0,43913102,IND,"","",27.34.243.242,"{""url"":""https://s3.amazonaws.com/pichost/construe/1219149/43913102/u0019095107223054190046090071136013210229131118140170196001243112088149234031221065084056057062054.png""}",false,,,NIH-3T3,https://storage.googleapis.com/daves-new-bucket/data/nuclear/NIH-3T3/set2/Processed/nuclear_38.png,set2
1521826873,1/1/2018 03:53:57,3212917377,1/1/2018 03:25:23,false,test_rprocess,1.0,43838813,IND,19,Kushalnagar,103.35.197.63,"{""url"":""https://s3.amazonaws.com/pichost/construe/1219149/43838813/u0203035035169160078198011094070041206013127224130064067238140170167043245104104132194028116017199.png""}",false,,,NIH-3T3,https://storage.googleapis.com/daves-new-bucket/data/nuclear/NIH-3T3/set2/Processed/nuclear_39.png,set2
1521826874,1/1/2018 11:26:35,3213292056,1/1/2018 11:04:14,false,test_rprocess,1.0,43936123,IND,19,Mysore,103.2.232.50,"{""url"":""https://s3.amazonaws.com/pichost/construe/1219149/43936123/u0210183211067115029199158123161113161091219045244168084115218102021147229224082104138043175113107.png""}",false,,,NIH-3T3,https://storage.googleapis.com/daves-new-bucket/data/nuclear/NIH-3T3/set2/Processed/nuclear_40.png,set2
1521826875,12/26/2017 07:24:05,3189633211,12/26/2017 06:58:45,false,test_rprocess,1.0,43853850,IND,19,Kushalnagar,103.35.197.63,"{""url"":""https://s3.amazonaws.com/pichost/construe/1219149/43853850/u0038068050188066001143170154023071070237182137110202199136127011105124059200212068226003177175181.png""}",false,,,NIH-3T3,https://storage.googleapis.com/daves-new-bucket/data/nuclear/NIH-3T3/set2/Processed/nuclear_41.png,set2
1521826876,1/2/2018 03:46:16,3215138027,1/2/2018 03:19:12,false,test_rprocess,1.0,43913098,IND,"","",27.34.243.242,"{""url"":""https://s3.amazonaws.com/pichost/construe/1219149/43913098/u0156082239129088073018228211239083129055093093162234249166074230149111057064074046035180036036161.png""}",false,,,NIH-3T3,https://storage.googleapis.com/daves-new-bucket/data/nuclear/NIH-3T3/set2/Processed/nuclear_42.png,set2
1521826877,1/1/2018 09:58:47,3213227280,1/1/2018 09:43:22,false,test_rprocess,1.0,43838813,IND,"","",27.34.243.242,"{""url"":""https://s3.amazonaws.com/pichost/construe/1219149/43838813/u0170021102211038190126165100093048211034190124051085183119038247179220106038036049180152173043074.png""}",false,,,NIH-3T3,https://storage.googleapis.com/daves-new-bucket/data/nuclear/NIH-3T3/set2/Processed/nuclear_43.png,set2
1521826878,1/1/2018 04:55:21,3212943239,1/1/2018 04:29:26,false,test_rprocess,1.0,43915793,IND,19,Kushalnagar,103.35.197.63,"{""url"":""https://s3.amazonaws.com/pichost/construe/1219149/43915793/u0183192134117200044002053237053131147025174253102182154151054141054186107210054204111146249228172.png""}",false,,,NIH-3T3,https://storage.googleapis.com/daves-new-bucket/data/nuclear/NIH-3T3/set2/Processed/nuclear_44.png,set2
1521826879,1/1/2018 07:14:47,3213040210,1/1/2018 06:47:57,false,test_rprocess,1.0,43838813,IND,19,Mysore,103.2.232.50,"{""url"":""https://s3.amazonaws.com/pichost/construe/1219149/43838813/u0034153056217018181078037090010050176014147128110087111019112031186214195176137168182035206225110.png""}",false,,,NIH-3T3,https://storage.googleapis.com/daves-new-bucket/data/nuclear/NIH-3T3/set2/Processed/nuclear_45.png,set2
1521826880,1/2/2018 04:12:50,3215194810,1/2/2018 03:45:46,false,test_rprocess,1.0,43915735,IND,"","",27.34.243.242,"{""url"":""https://s3.amazonaws.com/pichost/construe/1219149/43915735/u0087121073072033232145162098092055094253015210108138125251019047082151220105114049034154139231210.png""}",false,,,NIH-3T3,https://storage.googleapis.com/daves-new-bucket/data/nuclear/NIH-3T3/set2/Processed/nuclear_46.png,set2
1521826881,1/2/2018 03:48:53,3215143973,1/2/2018 03:20:51,false,test_rprocess,1.0,43913100,IND,"","",27.34.243.242,"{""url"":""https://s3.amazonaws.com/pichost/construe/1219149/43913100/u0212162036161081009253180011195060102157115240139231005004128246057237024044082070114042060234123.png""}",false,,,NIH-3T3,https://storage.googleapis.com/daves-new-bucket/data/nuclear/NIH-3T3/set2/Processed/nuclear_47.png,set2
1521826882,12/30/2017 12:00:18,3206664769,12/30/2017 11:43:57,false,test_rprocess,1.0,43838813,IND,19,Kushalnagar,103.35.197.63,"{""url"":""https://s3.amazonaws.com/pichost/construe/1219149/43838813/u0253206057071078014022236083036046087244072205016173027180147232045010204211082162113185024253233.png""}",false,,,NIH-3T3,https://storage.googleapis.com/daves-new-bucket/data/nuclear/NIH-3T3/set2/Processed/nuclear_48.png,set2
1521826883,12/26/2017 06:58:40,3189615177,12/26/2017 06:39:21,false,test_rprocess,1.0,43853850,IND,19,Mysore,103.2.232.50,"{""url"":""https://s3.amazonaws.com/pichost/construe/1219149/43853850/u0075107193112215147030082006166069097226096153045151179199064202101013250238036182078149205149064.png""}",false,,,NIH-3T3,https://storage.googleapis.com/daves-new-bucket/data/nuclear/NIH-3T3/set2/Processed/nuclear_49.png,set2
1521826884,1/1/2018 07:33:13,3213065293,1/1/2018 07:07:38,false,test_rprocess,1.0,43853850,IND,"","",27.34.243.242,"{""url"":""https://s3.amazonaws.com/pichost/construe/1219149/43853850/u0202042096069126176032177190019195226079231183001185049154121220217213194127114034163009074029244.png""}",false,,,NIH-3T3,https://storage.googleapis.com/daves-new-bucket/data/nuclear/NIH-3T3/set2/Processed/nuclear_50.png,set2
1521826885,1/1/2018 07:07:34,3213032648,1/1/2018 06:39:52,false,test_rprocess,1.0,43853850,IND,"","",27.34.243.242,"{""url"":""https://s3.amazonaws.com/pichost/construe/1219149/43853850/u0084072237052255141039122025221085204238014203043097250175086098172242086077225240018100147026094.png""}",false,,,NIH-3T3,https://storage.googleapis.com/daves-new-bucket/data/nuclear/NIH-3T3/set2/Processed/nuclear_51.png,set2
1521826886,1/2/2018 05:30:14,3215330390,1/2/2018 05:02:45,false,test_rprocess,1.0,43853850,IND,19,Mysore,103.2.232.50,"{""url"":""https://s3.amazonaws.com/pichost/construe/1219149/43853850/u0151164087121126234216222060195037214199208039185151155039135075018034116188236067050026077116070.png""}",false,,,NIH-3T3,https://storage.googleapis.com/daves-new-bucket/data/nuclear/NIH-3T3/set2/Processed/nuclear_52.png,set2
1521826887,12/30/2017 11:44:52,3206601473,12/30/2017 11:16:57,false,test_rprocess,1.0,43853850,IND,19,Kushalnagar,103.35.197.63,"{""url"":""https://s3.amazonaws.com/pichost/construe/1219149/43853850/u0184081164234125157192227183188125139200049223196052014226151110039147162191035244075074027231214.png""}",false,,,NIH-3T3,https://storage.googleapis.com/daves-new-bucket/data/nuclear/NIH-3T3/set2/Processed/nuclear_53.png,set2
1521826888,1/2/2018 03:58:50,3215166424,1/2/2018 03:37:55,false,test_rprocess,1.0,43838813,IND,19,Mysore,103.2.232.50,"{""url"":""https://s3.amazonaws.com/pichost/construe/1219149/43838813/u0132138054160043151181032039045085187016170027217074076177055097059219053213183008147029130092158.png""}",false,,,NIH-3T3,https://storage.googleapis.com/daves-new-bucket/data/nuclear/NIH-3T3/set2/Processed/nuclear_54.png,set2
1521826889,12/26/2017 08:40:32,3189678685,12/26/2017 08:11:12,false,test_rprocess,1.0,43853850,IND,"","",27.34.243.242,"{""url"":""https://s3.amazonaws.com/pichost/construe/1219149/43853850/u0190066129090214076128096200187081206162056038129003054212239121179214217224019038129182223070251.png""}",false,,,NIH-3T3,https://storage.googleapis.com/daves-new-bucket/data/nuclear/NIH-3T3/set2/Processed/nuclear_55.png,set2
1521826890,1/2/2018 04:32:18,3215233269,1/2/2018 04:03:08,false,test_rprocess,1.0,43853850,IND,19,Mysore,103.2.232.50,"{""url"":""https://s3.amazonaws.com/pichost/construe/1219149/43853850/u0181064127147104117189072190038070158046150246190170145214171004180040001112190124004067156187078.png""}",false,,,NIH-3T3,https://storage.googleapis.com/daves-new-bucket/data/nuclear/NIH-3T3/set2/Processed/nuclear_56.png,set2
1521826891,1/2/2018 05:51:44,3215366304,1/2/2018 05:30:19,false,test_rprocess,1.0,43915735,IND,"","",27.34.243.242,"{""url"":""https://s3.amazonaws.com/pichost/construe/1219149/43915735/u0171102052066185128010080187238117069183044194177086125027019107026254211165035105162118216039128.png""}",false,,,NIH-3T3,https://storage.googleapis.com/daves-new-bucket/data/nuclear/NIH-3T3/set2/Processed/nuclear_57.png,set2
1521826892,1/1/2018 10:11:46,3213238020,1/1/2018 09:42:40,false,test_rprocess,1.0,43838832,IND,"","",27.34.243.242,"{""url"":""https://s3.amazonaws.com/pichost/construe/1219149/43838832/u0014197143071060145251090009174137157096040191175181243106064067098143173131012060169053176096061.png""}",false,,,NIH-3T3,https://storage.googleapis.com/daves-new-bucket/data/nuclear/NIH-3T3/set2/Processed/nuclear_58.png,set2
1521826893,1/2/2018 04:14:12,3215197668,1/2/2018 03:46:20,false,test_rprocess,1.0,43913098,IND,"","",27.34.243.242,"{""url"":""https://s3.amazonaws.com/pichost/construe/1219149/43913098/u0028074176043088144056073127095048181195144058154038229114230098085021107210019077076143180165216.png""}",false,,,NIH-3T3,https://storage.googleapis.com/daves-new-bucket/data/nuclear/NIH-3T3/set2/Processed/nuclear_59.png,set2
1521826894,12/30/2017 11:24:34,3206535475,12/30/2017 10:56:07,false,test_rprocess,1.0,43925392,IND,19,Kushalnagar,103.35.197.63,"{""url"":""https://s3.amazonaws.com/pichost/construe/1219149/43925392/u0218025193082228185242170079248014187186085112189134252177168134221156061052252210165019045019179.png""}",false,,,NIH-3T3,https://storage.googleapis.com/daves-new-bucket/data/nuclear/NIH-3T3/set2/Processed/nuclear_60.png,set2
1521826895,1/2/2018 03:34:53,3215108538,1/2/2018 03:06:01,false,test_rprocess,1.0,43853850,IND,19,Mysore,103.2.232.50,"{""url"":""https://s3.amazonaws.com/pichost/construe/1219149/43853850/u0119047056176236226055090050043121046015008194040248210034077111199006244009076215094205209253207.png""}",false,,,NIH-3T3,https://storage.googleapis.com/daves-new-bucket/data/nuclear/NIH-3T3/set2/Processed/nuclear_61.png,set2
1521826896,1/2/2018 04:18:41,3215207430,1/2/2018 03:48:56,false,test_rprocess,1.0,43913100,IND,"","",27.34.243.242,"{""url"":""https://s3.amazonaws.com/pichost/construe/1219149/43913100/u0242096021186075079140009211160126147252067034058065157197045080042184088253255158012129248103021.png""}",false,,,NIH-3T3,https://storage.googleapis.com/daves-new-bucket/data/nuclear/NIH-3T3/set2/Processed/nuclear_62.png,set2
1521826897,1/1/2018 09:43:18,3213213255,1/1/2018 09:28:09,false,test_rprocess,1.0,43838813,IND,"","",27.34.243.242,"{""url"":""https://s3.amazonaws.com/pichost/construe/1219149/43838813/u0020240019234053060154243133159070081013180237255124005240074133120174045254166085140096150111161.png""}",false,,,NIH-3T3,https://storage.googleapis.com/daves-new-bucket/data/nuclear/NIH-3T3/set2/Processed/nuclear_63.png,set2
1521826898,1/2/2018 07:00:28,3215476546,1/2/2018 06:49:56,false,test_rprocess,1.0,43915793,IND,19,Mysore,103.2.232.50,"{""url"":""https://s3.amazonaws.com/pichost/construe/1219149/43915793/u0120119120134065097118169021183112210214189136249137043174005033210190020001209225045200177207138.png""}",false,,,NIH-3T3,https://storage.googleapis.com/daves-new-bucket/data/nuclear/NIH-3T3/set2/Processed/nuclear_64.png,set2
1521826899,1/1/2018 08:38:02,3213147685,1/1/2018 08:09:50,false,test_rprocess,1.0,43853850,IND,19,Mysore,103.2.232.50,"{""url"":""https://s3.amazonaws.com/pichost/construe/1219149/43853850/u0087080090219015187244039098008019072227028043217003090112088029015241175136081038038080088244182.png""}",false,,,NIH-3T3,https://storage.googleapis.com/daves-new-bucket/data/nuclear/NIH-3T3/set2/Processed/nuclear_65.png,set2
1521826900,1/2/2018 04:03:04,3215174712,1/2/2018 03:34:59,false,test_rprocess,1.0,43853850,IND,19,Mysore,103.2.232.50,"{""url"":""https://s3.amazonaws.com/pichost/construe/1219149/43853850/u0013019060191093119024103016024176082163225034021206152172021205208081131029142168035135057110047.png""}",false,,,NIH-3T3,https://storage.googleapis.com/daves-new-bucket/data/nuclear/NIH-3T3/set2/Processed/nuclear_66.png,set2
1521826901,1/2/2018 05:31:49,3215333080,1/2/2018 05:03:04,false,test_rprocess,1.0,43922202,IND,19,Mysore,103.2.232.50,"{""url"":""https://s3.amazonaws.com/pichost/construe/1219149/43922202/u0068092030205227246253076213098067196042183222106153094245051140183091185255120242181054190153178.png""}",false,,,NIH-3T3,https://storage.googleapis.com/daves-new-bucket/data/nuclear/NIH-3T3/set2/Processed/nuclear_67.png,set2
1521826902,1/1/2018 05:41:55,3212963017,1/1/2018 05:31:32,false,test_rprocess,1.0,43838813,IND,19,Kushalnagar,103.35.197.63,"{""url"":""https://s3.amazonaws.com/pichost/construe/1219149/43838813/u0122198069110196244028046113151143112045109220003097233156053058054227112221185220063000074238078.png""}",false,,,NIH-3T3,https://storage.googleapis.com/daves-new-bucket/data/nuclear/NIH-3T3/set2/Processed/nuclear_68.png,set2
1521826903,1/1/2018 11:12:48,3213282795,1/1/2018 10:53:05,false,test_rprocess,1.0,43915735,IND,19,Mysore,103.2.232.50,"{""url"":""https://s3.amazonaws.com/pichost/construe/1219149/43915735/u0249244008106087251190114069242204175020042095023207216164052181096149064138152157084097037079228.png""}",false,,,NIH-3T3,https://storage.googleapis.com/daves-new-bucket/data/nuclear/NIH-3T3/set2/Processed/nuclear_69.png,set2
1521826904,1/2/2018 06:19:19,3215412000,1/2/2018 05:56:29,false,test_rprocess,1.0,43915793,IND,19,Mysore,103.2.232.50,"{""url"":""https://s3.amazonaws.com/pichost/construe/1219149/43915793/u0001172083132069011089250042204160124227065217042063126053099022113139017129068214107007002057041.png""}",false,,,NIH-3T3,https://storage.googleapis.com/daves-new-bucket/data/nuclear/NIH-3T3/set2/Processed/nuclear_70.png,set2
